146,http://humitos.files.wordpress.com/2008/10/dibujonico50.jpg
166,http://humitos.files.wordpress.com/2008/12/olpc_stallman.jpg
172,http://humitos.files.wordpress.com/2008/12/hpim1328.jpg
188,http://humitos.files.wordpress.com/2009/02/offline-gmail.png
194,http://humitos.files.wordpress.com/2009/02/aptitude-bug.png
259,http://humitos.files.wordpress.com/2010/08/http-live-headers.jpeg
298,http://humitos.files.wordpress.com/2010/09/p9050003.jpg
306,http://humitos.files.wordpress.com/2010/09/img0.jpg
307,http://humitos.files.wordpress.com/2010/09/img1.jpg
308,http://humitos.files.wordpress.com/2010/09/img2.jpg
309,http://humitos.files.wordpress.com/2010/09/img3.jpg
310,http://humitos.files.wordpress.com/2010/09/img4.jpg
311,http://humitos.files.wordpress.com/2010/09/img5.jpg
312,http://humitos.files.wordpress.com/2010/09/img6.jpg
313,http://humitos.files.wordpress.com/2010/09/img7.jpg
314,http://humitos.files.wordpress.com/2010/09/img8.jpg
315,http://humitos.files.wordpress.com/2010/09/img9.jpg
316,http://humitos.files.wordpress.com/2010/09/img10.jpg
317,http://humitos.files.wordpress.com/2010/09/img11.jpg
318,http://humitos.files.wordpress.com/2010/09/img12.jpg
319,http://humitos.files.wordpress.com/2010/09/img13.jpg
320,http://humitos.files.wordpress.com/2010/09/img14.jpg
321,http://humitos.files.wordpress.com/2010/09/img15.jpg
339,http://humitos.files.wordpress.com/2010/09/factura-epe.jpg
340,http://humitos.files.wordpress.com/2010/09/panel-medidores.jpg
349,http://humitos.files.wordpress.com/2010/09/p9130175.jpg
353,http://humitos.files.wordpress.com/2007/09/kate1px3.jpg
354,http://humitos.files.wordpress.com/2007/09/kate3aj7.jpg
355,http://humitos.files.wordpress.com/2007/09/katedt3.jpg
358,http://humitos.files.wordpress.com/2007/09/pantallazoho7.png
362,http://humitos.files.wordpress.com/2010/09/p9150343.jpg
369,http://humitos.files.wordpress.com/2010/09/p9170381.jpg
370,http://humitos.files.wordpress.com/2010/09/p9170387.jpg
371,http://humitos.files.wordpress.com/2010/09/p9170450.jpg
372,http://humitos.files.wordpress.com/2010/09/p9170456.jpg
373,http://humitos.files.wordpress.com/2010/09/p9170470.jpg
374,http://humitos.files.wordpress.com/2010/09/p9170476.jpg
375,http://humitos.files.wordpress.com/2010/09/p9170477.jpg
379,http://humitos.files.wordpress.com/2010/09/facebook-app.jpeg
393,http://humitos.files.wordpress.com/2010/10/pa271167.jpg
394,http://humitos.files.wordpress.com/2010/10/pa261160.jpg
395,http://humitos.files.wordpress.com/2010/10/pa261158.jpg
396,http://humitos.files.wordpress.com/2010/10/pa261159.jpg
431,http://humitos.files.wordpress.com/2010/11/volante.jpg
432,http://humitos.files.wordpress.com/2010/11/entrada-19.jpg
434,http://humitos.files.wordpress.com/2010/11/programa-19.jpg
448,http://humitos.files.wordpress.com/2010/11/pb281517.jpg
453,http://humitos.files.wordpress.com/2010/11/dsc06445.jpg
463,http://humitos.files.wordpress.com/2010/12/pc021542.jpg
469,http://humitos.files.wordpress.com/2010/12/taringa-upgrading.jpeg
481,http://humitos.files.wordpress.com/2010/12/resize_pc211878.jpg
482,http://humitos.files.wordpress.com/2010/12/resize_pc211879.jpg
483,http://humitos.files.wordpress.com/2010/12/resize_pc211880.jpg
484,http://humitos.files.wordpress.com/2010/12/resize_pc211886.jpg
485,http://humitos.files.wordpress.com/2010/12/resize_pc211887.jpg
486,http://humitos.files.wordpress.com/2010/12/resize_pc211888.jpg
487,http://humitos.files.wordpress.com/2010/12/resize_pc221892.jpg
488,http://humitos.files.wordpress.com/2010/12/resize_pc221894.jpg
489,http://humitos.files.wordpress.com/2010/12/resize_pc221895.jpg
496,http://humitos.files.wordpress.com/2010/12/pc282036.jpg
500,http://humitos.files.wordpress.com/2010/12/pc302041.jpg
515,http://humitos.files.wordpress.com/2011/01/monedas1.jpg
523,http://humitos.files.wordpress.com/2011/01/p1130513.jpg
524,http://humitos.files.wordpress.com/2011/01/p1130514.jpg
525,http://humitos.files.wordpress.com/2011/01/p1130517.jpg
526,http://humitos.files.wordpress.com/2011/01/p1130518.jpg
527,http://humitos.files.wordpress.com/2011/01/p1130519.jpg
528,http://humitos.files.wordpress.com/2011/01/p1130520.jpg
529,http://humitos.files.wordpress.com/2011/01/p1130521.jpg
530,http://humitos.files.wordpress.com/2011/01/p1130523.jpg
531,http://humitos.files.wordpress.com/2011/01/p1130524.jpg
532,http://humitos.files.wordpress.com/2011/01/p1130525.jpg
533,http://humitos.files.wordpress.com/2011/01/p1130528.jpg
534,http://humitos.files.wordpress.com/2011/01/p1130539.jpg
535,http://humitos.files.wordpress.com/2011/01/p1130540.jpg
536,http://humitos.files.wordpress.com/2011/01/p1130541.jpg
537,http://humitos.files.wordpress.com/2011/01/p1130542.jpg
538,http://humitos.files.wordpress.com/2011/01/p1130545.jpg
539,http://humitos.files.wordpress.com/2011/01/p1130548.jpg
540,http://humitos.files.wordpress.com/2011/01/p1130552.jpg
548,http://humitos.files.wordpress.com/2011/01/la_artista1.jpg
555,http://humitos.files.wordpress.com/2011/02/p2020764-e1296676893962.jpg
556,http://humitos.files.wordpress.com/2011/02/p2020766-e1296677366932.jpg
562,http://humitos.files.wordpress.com/2011/02/p2030768.jpg
563,http://humitos.files.wordpress.com/2011/02/p2030769.jpg
564,http://humitos.files.wordpress.com/2011/02/p2030770.jpg
565,http://humitos.files.wordpress.com/2011/02/p2030771.jpg
566,http://humitos.files.wordpress.com/2011/02/p2030772.jpg
567,http://humitos.files.wordpress.com/2011/02/p2030773.jpg
568,http://humitos.files.wordpress.com/2011/02/p2030774.jpg
569,http://humitos.files.wordpress.com/2011/02/p2030775.jpg
570,http://humitos.files.wordpress.com/2011/02/p2030776.jpg
575,http://humitos.files.wordpress.com/2011/02/p2040777.jpg
580,http://humitos.files.wordpress.com/2011/02/p2050779.jpg
585,http://humitos.files.wordpress.com/2011/02/p2100781.jpg
586,http://humitos.files.wordpress.com/2011/02/p2100784.jpg
609,http://humitos.files.wordpress.com/2011/03/homepage.jpg
623,http://humitos.files.wordpress.com/2011/03/revision-23.jpg
627,http://humitos.files.wordpress.com/2011/03/p3100957.jpg
631,http://humitos.files.wordpress.com/2011/03/p3100956.jpg
638,http://humitos.files.wordpress.com/2011/03/virus.jpeg
639,http://humitos.files.wordpress.com/2011/03/virus1.jpeg
640,http://humitos.files.wordpress.com/2011/03/virus2.jpeg
644,http://humitos.files.wordpress.com/2011/03/p3161000.jpg
648,http://humitos.files.wordpress.com/2011/03/torbellino_3.jpg
649,http://humitos.files.wordpress.com/2011/03/torbellino_4.jpg
650,http://humitos.files.wordpress.com/2011/03/torbellino_5.jpg
651,http://humitos.files.wordpress.com/2011/03/torbellino_6.jpg
655,http://humitos.files.wordpress.com/2011/03/p3161004.jpg
656,http://humitos.files.wordpress.com/2011/03/p3161008.jpg
657,http://humitos.files.wordpress.com/2011/03/p3161009.jpg
658,http://humitos.files.wordpress.com/2011/03/p3161015.jpg
662,http://humitos.files.wordpress.com/2011/03/p3211077.jpg
663,http://humitos.files.wordpress.com/2011/03/p3211079.jpg
670,http://humitos.files.wordpress.com/2011/03/kaufmann-captcha.png
683,http://humitos.files.wordpress.com/2011/04/me_and_the_flaco.jpg
689,http://humitos.files.wordpress.com/2011/04/wordpress-fail.jpeg
696,http://humitos.files.wordpress.com/2011/04/p4051161.jpg
697,http://humitos.files.wordpress.com/2011/04/p4051163.jpg
701,http://humitos.files.wordpress.com/2011/04/dni.jpg
709,http://humitos.files.wordpress.com/2011/04/p4101191.jpg
714,http://humitos.files.wordpress.com/2011/04/p4101195.jpg
715,http://humitos.files.wordpress.com/2011/04/p4101214.jpg
736,http://humitos.files.wordpress.com/2011/04/p4151218.jpg
737,http://humitos.files.wordpress.com/2011/04/p4151219.jpg
738,http://humitos.files.wordpress.com/2011/04/p4151220.jpg
739,http://humitos.files.wordpress.com/2011/04/p4151221.jpg
750,http://humitos.files.wordpress.com/2011/04/p4151222.jpg
751,http://humitos.files.wordpress.com/2011/04/p4151223.jpg
752,http://humitos.files.wordpress.com/2011/04/p4151225.jpg
757,http://humitos.files.wordpress.com/2011/04/p4171244.jpg
761,http://humitos.files.wordpress.com/2011/04/dsc07766.jpg
767,http://humitos.files.wordpress.com/2011/04/instalador-longman-dictionary.jpeg
768,http://humitos.files.wordpress.com/2011/04/longman-dictionary-over-linux.jpeg
769,http://humitos.files.wordpress.com/2011/04/longman-dictionary-over-linux-google.jpeg
776,http://humitos.files.wordpress.com/2011/04/p4211251.jpg
777,http://humitos.files.wordpress.com/2011/04/p4211266.jpg
778,http://humitos.files.wordpress.com/2011/04/p4211270.jpg
780,http://humitos.files.wordpress.com/2011/04/p4211274.jpg
781,http://humitos.files.wordpress.com/2011/04/p4221300.jpg
782,http://humitos.files.wordpress.com/2011/04/p4221302.jpg
783,http://humitos.files.wordpress.com/2011/04/p4221306.jpg
784,http://humitos.files.wordpress.com/2011/04/p4221319.jpg
785,http://humitos.files.wordpress.com/2011/04/p4221329.jpg
786,http://humitos.files.wordpress.com/2011/04/p4221357.jpg
789,http://humitos.files.wordpress.com/2011/04/dsc07794.jpg
790,http://humitos.files.wordpress.com/2011/04/dsc07758.jpg
791,http://humitos.files.wordpress.com/2011/04/dsc07697.jpg
792,http://humitos.files.wordpress.com/2011/04/dsc07683.jpg
793,http://humitos.files.wordpress.com/2011/04/dsc07685.jpg
794,http://humitos.files.wordpress.com/2011/04/dsc07664.jpg
796,http://humitos.files.wordpress.com/2011/04/dsc07816.jpg
800,http://humitos.files.wordpress.com/2011/04/p4271406.jpg
808,http://humitos.files.wordpress.com/2011/05/p5141539.jpg
809,http://humitos.files.wordpress.com/2011/05/p5141541.jpg
813,http://humitos.files.wordpress.com/2011/05/p5161555.jpg
816,http://humitos.files.wordpress.com/2011/05/p5231578.jpg
817,http://humitos.files.wordpress.com/2011/05/p5231582.jpg
822,http://humitos.files.wordpress.com/2011/05/p5251593.jpg
826,http://humitos.files.wordpress.com/2011/05/p5261605.jpg
831,http://humitos.files.wordpress.com/2011/06/amigacho-sitio-completo.jpeg
835,http://humitos.files.wordpress.com/2011/06/p6011635.jpg
836,http://humitos.files.wordpress.com/2011/06/p6011639.jpg
840,http://humitos.files.wordpress.com/2011/06/p6061699.jpg
845,http://humitos.files.wordpress.com/2011/06/recorrido-fotografico-1.jpeg
846,http://humitos.files.wordpress.com/2011/06/p6111749.jpg
847,http://humitos.files.wordpress.com/2011/06/p6111750.jpg
848,http://humitos.files.wordpress.com/2011/06/p6111751.jpg
849,http://humitos.files.wordpress.com/2011/06/p6111783.jpg
850,http://humitos.files.wordpress.com/2011/06/p6111826.jpg
857,http://humitos.files.wordpress.com/2011/06/p6091731.jpg
864,http://humitos.files.wordpress.com/2011/06/p6171878.jpg
865,http://humitos.files.wordpress.com/2011/06/p6171880.jpg
866,http://humitos.files.wordpress.com/2011/06/p6181887.jpg
867,http://humitos.files.wordpress.com/2011/06/p6181941.jpg
868,http://humitos.files.wordpress.com/2011/06/p6181952.jpg
869,http://humitos.files.wordpress.com/2011/06/p6181976.jpg
872,http://humitos.files.wordpress.com/2011/06/p6181999.jpg
873,http://humitos.files.wordpress.com/2011/06/p6182020.jpg
874,http://humitos.files.wordpress.com/2011/06/p6192049.jpg
875,http://humitos.files.wordpress.com/2011/06/p6192069.jpg
876,http://humitos.files.wordpress.com/2011/06/p6192079.jpg
892,http://humitos.files.wordpress.com/2011/07/pantallazo.png
893,http://humitos.files.wordpress.com/2011/07/pantallazo-2.png
894,http://humitos.files.wordpress.com/2011/07/pantallazo-3.png
895,http://humitos.files.wordpress.com/2011/07/pantallazo-5.png
896,http://humitos.files.wordpress.com/2011/07/pantallazo-7.png
903,http://humitos.files.wordpress.com/2011/07/p7082202.jpg
907,http://humitos.files.wordpress.com/2011/07/mtr.jpeg
908,http://humitos.files.wordpress.com/2011/07/mtr1.jpeg
912,http://humitos.files.wordpress.com/2011/07/p7042196.jpg
944,http://humitos.files.wordpress.com/2011/07/p7182366.jpg
950,http://humitos.files.wordpress.com/2011/07/p7112308.jpg
957,http://humitos.files.wordpress.com/2011/07/dmz-router-motorola.png
962,http://humitos.files.wordpress.com/2011/07/p7222372.jpg
970,http://humitos.files.wordpress.com/2011/07/p7262373.jpg
971,http://humitos.files.wordpress.com/2011/07/p7272389.jpg
972,http://humitos.files.wordpress.com/2011/07/p7272394.jpg
975,http://humitos.files.wordpress.com/2011/07/p7282403.jpg
976,http://humitos.files.wordpress.com/2011/07/p7282412.jpg
977,http://humitos.files.wordpress.com/2011/07/p7282414.jpg
978,http://humitos.files.wordpress.com/2011/07/p7282434.jpg
979,http://humitos.files.wordpress.com/2011/07/p7282441.jpg
980,http://humitos.files.wordpress.com/2011/07/p7282453.jpg
981,http://humitos.files.wordpress.com/2011/07/p7282459.jpg
985,http://humitos.files.wordpress.com/2011/07/p7302533.jpg
986,http://humitos.files.wordpress.com/2011/07/p7302535.jpg
987,http://humitos.files.wordpress.com/2011/07/p7302548.jpg
988,http://humitos.files.wordpress.com/2011/07/p7302553.jpg
989,http://humitos.files.wordpress.com/2011/07/p7302568.jpg
990,http://humitos.files.wordpress.com/2011/07/p7302579.jpg
991,http://humitos.files.wordpress.com/2011/07/p7302595.jpg
992,http://humitos.files.wordpress.com/2011/07/p7292474.jpg
993,http://humitos.files.wordpress.com/2011/07/p7292480.jpg
994,http://humitos.files.wordpress.com/2011/07/p7292490.jpg
995,http://humitos.files.wordpress.com/2011/07/p7292524.jpg
996,http://humitos.files.wordpress.com/2011/07/p7292497.jpg
1002,http://humitos.files.wordpress.com/2011/08/p7312602.jpg
1003,http://humitos.files.wordpress.com/2011/08/p7312608.jpg
1004,http://humitos.files.wordpress.com/2011/08/p7312625.jpg
1005,http://humitos.files.wordpress.com/2011/08/p7312630.jpg
1009,http://humitos.files.wordpress.com/2011/08/p8122686.jpg
1010,http://humitos.files.wordpress.com/2011/08/p8132697.jpg
1017,http://humitos.files.wordpress.com/2011/08/p8202752.jpg
1024,http://humitos.files.wordpress.com/2011/09/p9263186.jpg
1028,http://humitos.files.wordpress.com/2011/10/pa123403.jpg
1032,http://humitos.files.wordpress.com/2011/10/pa123414.jpg
1033,http://humitos.files.wordpress.com/2011/10/pa123415.jpg
1039,http://humitos.files.wordpress.com/2011/10/pa133420.jpg
1043,http://humitos.files.wordpress.com/2011/10/pa133422.jpg
1048,http://humitos.files.wordpress.com/2011/10/pa163433.jpg
1052,http://humitos.files.wordpress.com/2011/11/foto0011.jpg
1062,http://humitos.files.wordpress.com/2011/12/pc093752.jpg
1065,http://humitos.files.wordpress.com/2011/12/pc093759.jpg
1076,http://humitos.files.wordpress.com/2011/12/pc213813.jpg
1080,http://humitos.files.wordpress.com/2011/12/noticia-diario-uno.png
1086,http://humitos.files.wordpress.com/2011/12/289893_2611378236226_1008101555_32299528_69225924_o.jpg
1102,http://humitos.files.wordpress.com/2012/01/p1074009.jpg
1108,http://humitos.files.wordpress.com/2012/02/p1063985.jpg
1110,http://humitos.files.wordpress.com/2012/02/p1063999.jpg
1115,http://humitos.files.wordpress.com/2012/02/409201_103606986428902_100003388028466_16453_631724376_n.jpg
1116,http://humitos.files.wordpress.com/2012/02/409201_103606986428902_100003388028466_16453_631724376_n1.jpg
1122,http://humitos.files.wordpress.com/2012/02/2012-02-07-131155.jpg
1123,http://humitos.files.wordpress.com/2012/02/2012-02-07-131221.jpg
1124,http://humitos.files.wordpress.com/2012/02/2012-02-07-131255.jpg
1125,http://humitos.files.wordpress.com/2012/02/2012-02-07-131321.jpg
1138,http://humitos.files.wordpress.com/2012/02/quilmesstout1.jpg
1144,http://humitos.files.wordpress.com/2012/02/dscn1997.jpg
1161,http://humitos.files.wordpress.com/2012/02/portfolio-manuel-kaufmann-photo-2012-02-15-09-18-41.png
1167,http://humitos.files.wordpress.com/2012/02/dsc_0379.jpg
1168,http://humitos.files.wordpress.com/2012/02/dsc_0380.jpg
1169,http://humitos.files.wordpress.com/2012/02/dsc_0381.jpg
1170,http://humitos.files.wordpress.com/2012/02/dsc_0383.jpg
1177,http://humitos.files.wordpress.com/2012/02/hpim1916.jpg
1178,http://humitos.files.wordpress.com/2012/02/hpim1920.jpg
1185,http://humitos.files.wordpress.com/2012/02/personal-cada-persona-es-un-mundo-2012-02-24-17-00-05.png
1186,http://humitos.files.wordpress.com/2012/02/personal.png
1187,http://humitos.files.wordpress.com/2012/02/personal1.png
1192,http://humitos.files.wordpress.com/2012/02/p1154047.jpg
1193,http://humitos.files.wordpress.com/2012/02/p1154050.jpg
1200,http://humitos.files.wordpress.com/2012/03/nosehablamas-com-ar-pc3a1gina-principal-2012-03-01-11-36-51.png
1208,http://humitos.files.wordpress.com/2012/03/young-businessman-on-swinging-smiling_pop_14333.jpg
1237,http://humitos.files.wordpress.com/2012/03/fotos-del-muro-2012-03-22-19-34-09.png
1238,http://humitos.files.wordpress.com/2012/03/no-he-muerto.jpeg
1257,http://humitos.files.wordpress.com/2012/03/d066bb74de54d9db3c2deb6a6531a2c6b58fe2be.jpg
1264,http://humitos.files.wordpress.com/2012/03/foto0015.jpg
1268,http://humitos.files.wordpress.com/2012/03/dsc_1662.jpg
1274,http://humitos.files.wordpress.com/2012/03/1237658064.png
1292,http://humitos.files.wordpress.com/2012/04/dsc_1845.jpg
1307,http://humitos.files.wordpress.com/2012/04/dsc_1765.jpg
1308,http://humitos.files.wordpress.com/2012/04/dsc_1864.jpg
1309,http://humitos.files.wordpress.com/2012/04/dsc_1880.jpg
1319,http://humitos.files.wordpress.com/2012/04/dsc_1906.jpg
1320,http://humitos.files.wordpress.com/2012/04/dsc_1888.jpg
1321,http://humitos.files.wordpress.com/2012/04/dsc_1885.jpg
1374,http://humitos.files.wordpress.com/2012/04/dsc_2284.jpg
1380,http://humitos.files.wordpress.com/2012/04/dsc_2468.jpg
1384,http://humitos.files.wordpress.com/2012/05/2012-05-03-214533.jpg
1401,http://humitos.files.wordpress.com/2012/05/dsc_3143_recortada.jpeg
1408,http://humitos.files.wordpress.com/2012/05/dsc_3196.jpg
1414,http://humitos.files.wordpress.com/2012/05/dsc_1934.jpg
1455,http://humitos.files.wordpress.com/2012/06/dsc_3893.jpg
1462,http://humitos.files.wordpress.com/2012/06/412306_4159539988009_1545119846_o.jpg
1463,http://humitos.files.wordpress.com/2012/06/543241_10150844932570356_1654718478_n.jpg
1466,http://humitos.files.wordpress.com/2012/06/599354_10150847708180356_539493292_n.jpg
1485,http://humitos.files.wordpress.com/2012/06/dsc_3950.jpg
1486,http://humitos.files.wordpress.com/2012/06/dsc_3957.jpg
1487,http://humitos.files.wordpress.com/2012/06/dsc_3980.jpg
1490,http://humitos.files.wordpress.com/2012/06/dsc_3964.jpg
1491,http://humitos.files.wordpress.com/2012/06/dsc_3975.jpg
1492,http://humitos.files.wordpress.com/2012/06/dsc_3989.jpg
1510,http://humitos.files.wordpress.com/2012/06/dsc_4202.jpg
1514,http://humitos.files.wordpress.com/2012/06/screenshot-from-2012-06-23-141159.png
1517,http://humitos.files.wordpress.com/2012/06/screenshot-from-2012-06-24-115802.png
1518,http://humitos.files.wordpress.com/2012/06/screenshot-from-2012-06-24-120836.png
1519,http://humitos.files.wordpress.com/2012/06/screenshot-from-2012-06-24-121420.png
1521,http://humitos.files.wordpress.com/2012/06/screenshot-from-2012-06-24-121254.png
1525,http://humitos.files.wordpress.com/2012/06/screenshot-from-2012-06-24-224731.png
1531,http://humitos.files.wordpress.com/2012/06/269309_353836338022936_880404139_n.jpg
1532,http://humitos.files.wordpress.com/2012/06/413607_357889357617634_1267011861_o.jpg
1538,http://humitos.files.wordpress.com/2012/06/logo-educacion-prohibida.png
1539,http://humitos.files.wordpress.com/2012/06/dsc_4272.jpg
1544,http://humitos.files.wordpress.com/2012/06/dsc_4274.jpg
1550,http://humitos.files.wordpress.com/2012/06/certificado_coproductor.png
1551,http://humitos.files.wordpress.com/2012/06/screenshot-from-2012-06-28-232555.png
1555,http://humitos.files.wordpress.com/2012/07/sms_pasaporte.png
1575,http://humitos.files.wordpress.com/2012/07/7546222938_fd7e3fc22a_k.jpg
1576,http://humitos.files.wordpress.com/2012/07/7546243240_8dea0b7adc_k.jpg
1594,http://humitos.files.wordpress.com/2012/07/dsc_5482_2.jpg
1599,http://humitos.files.wordpress.com/2012/07/dsc_5478.jpg
1603,http://humitos.files.wordpress.com/2012/07/7666233520_79444e8e61_b.jpg
1607,http://humitos.files.wordpress.com/2012/07/dsc_5615-rotado-redimensionado.jpg
1614,http://humitos.files.wordpress.com/2012/08/dsc_5646.jpg
1615,http://humitos.files.wordpress.com/2012/08/dsc_5625.jpg
1616,http://humitos.files.wordpress.com/2012/08/dsc_5622.jpg
1617,http://humitos.files.wordpress.com/2012/08/dsc_5618.jpg
1628,http://humitos.files.wordpress.com/2012/08/captura-de-pantalla-de-2012-08-14-210718.png
1644,http://humitos.files.wordpress.com/2012/08/horario-parada-colectivo.png
1646,http://humitos.files.wordpress.com/2012/08/horario-parada-colectivo1.png
1661,http://humitos.files.wordpress.com/2012/09/dsc_5727.jpg
1665,http://humitos.files.wordpress.com/2012/09/dsc_6009_edited.jpg
1674,http://humitos.files.wordpress.com/2012/09/dsc_6255.jpg
1680,http://humitos.files.wordpress.com/2012/10/sensacion_de_libertad.png
1684,http://humitos.files.wordpress.com/2012/10/cover.png
1693,http://humitos.files.wordpress.com/2012/10/afiche-mail.jpg
1701,http://humitos.files.wordpress.com/2012/10/dsc_6357.jpg
1714,http://humitos.files.wordpress.com/2012/10/screenshot-from-2012-10-30-201414.png
1715,http://humitos.files.wordpress.com/2012/10/screenshot-from-2012-10-30-201359.png
1716,http://humitos.files.wordpress.com/2012/10/screenshot-from-2012-10-30-201356.png
1717,http://humitos.files.wordpress.com/2012/10/screenshot-from-2012-10-30-201342.png
1719,http://humitos.files.wordpress.com/2012/10/screenshot-from-2012-10-30-202014.png
1725,http://humitos.files.wordpress.com/2012/11/664401_10151182030694773_306943963_o.jpg
1726,http://humitos.files.wordpress.com/2012/11/135211_10151182033329773_1088217684_o.jpg
1727,http://humitos.files.wordpress.com/2012/11/77625_10151182031394773_629487004_o.jpg
1728,http://humitos.files.wordpress.com/2012/11/134855_10151182030009773_1810831800_o.jpg
1729,http://humitos.files.wordpress.com/2012/11/131974_10151182033904773_762860396_o.jpg
1730,http://humitos.files.wordpress.com/2012/11/615911_10151182032774773_2129747552_o.jpg
1738,http://humitos.files.wordpress.com/2012/11/dsc_6400.jpg
1739,http://humitos.files.wordpress.com/2012/11/dsc_6414.jpg
1766,http://humitos.files.wordpress.com/2012/12/saludo_materno.png
1773,http://humitos.files.wordpress.com/2013/02/transito-parana.png
1784,http://humitos.files.wordpress.com/2013/03/dsc_7947_edited.jpg
1793,http://humitos.files.wordpress.com/2013/04/dsc_8746.jpg
1797,http://humitos.files.wordpress.com/2013/04/dsc_8643.jpg
1798,http://humitos.files.wordpress.com/2013/04/dsc_8926.jpg
1799,http://humitos.files.wordpress.com/2013/04/dsc_9003.jpg
1800,http://humitos.files.wordpress.com/2013/04/dsc_9160.jpg
1801,http://humitos.files.wordpress.com/2013/04/dsc_9258.jpg
1805,http://humitos.files.wordpress.com/2013/04/dsc_9288.jpg
1806,http://humitos.files.wordpress.com/2013/04/dsc_9289.jpg
1807,http://humitos.files.wordpress.com/2013/04/dsc_9297.jpg
1808,http://humitos.files.wordpress.com/2013/04/dsc_9304.jpg
1809,http://humitos.files.wordpress.com/2013/04/dsc_9328.jpg
1810,http://humitos.files.wordpress.com/2013/04/dsc_9350.jpg
1811,http://humitos.files.wordpress.com/2013/04/dsc_9358.jpg
1815,http://humitos.files.wordpress.com/2013/04/dsc_9410.jpg
1816,http://humitos.files.wordpress.com/2013/04/dsc_9460.jpg
1817,http://humitos.files.wordpress.com/2013/04/dsc_9527.jpg
1818,http://humitos.files.wordpress.com/2013/04/dsc_9529.jpg
1819,http://humitos.files.wordpress.com/2013/04/dsc_9581.jpg
1820,http://humitos.files.wordpress.com/2013/04/dsc_9542.jpg
1824,http://humitos.files.wordpress.com/2013/04/dsc_9362.jpg
1827,http://humitos.files.wordpress.com/2013/04/dsc_9639.jpg
1828,http://humitos.files.wordpress.com/2013/04/dsc_9620.jpg
1829,http://humitos.files.wordpress.com/2013/04/dsc_9626.jpg
1830,http://humitos.files.wordpress.com/2013/04/dsc_9628.jpg
1831,http://humitos.files.wordpress.com/2013/04/dsc_9631.jpg
1832,http://humitos.files.wordpress.com/2013/04/dsc_9632.jpg
1833,http://humitos.files.wordpress.com/2013/04/dsc_9633.jpg
1836,http://humitos.files.wordpress.com/2013/04/dsc_9648.jpg
1843,http://humitos.files.wordpress.com/2013/05/dsc_0010.jpg
1844,http://humitos.files.wordpress.com/2013/05/dsc_0013.jpg
1845,http://humitos.files.wordpress.com/2013/05/dsc_9949.jpg
1846,http://humitos.files.wordpress.com/2013/05/dsc_9954.jpg
1847,http://humitos.files.wordpress.com/2013/05/dsc_9961.jpg
1848,http://humitos.files.wordpress.com/2013/05/dsc_9969.jpg
1849,http://humitos.files.wordpress.com/2013/05/dsc_9974.jpg
1850,http://humitos.files.wordpress.com/2013/05/dsc_9982.jpg
1851,http://humitos.files.wordpress.com/2013/05/dsc_9986.jpg
1853,http://humitos.files.wordpress.com/2013/05/dsc_0004.jpg
1854,http://humitos.files.wordpress.com/2013/05/dsc_9956.jpg
1858,http://humitos.files.wordpress.com/2013/05/dsc_9708.jpg
1859,http://humitos.files.wordpress.com/2013/05/dsc_9703.jpg
1860,http://humitos.files.wordpress.com/2013/05/dsc_9712.jpg
1861,http://humitos.files.wordpress.com/2013/05/dsc_9721.jpg
1862,http://humitos.files.wordpress.com/2013/05/dsc_9737.jpg
1863,http://humitos.files.wordpress.com/2013/05/dsc_9744.jpg
1864,http://humitos.files.wordpress.com/2013/05/dsc_9760.jpg
1865,http://humitos.files.wordpress.com/2013/05/dsc_9765.jpg
1866,http://humitos.files.wordpress.com/2013/05/dsc_9779.jpg
1868,http://humitos.files.wordpress.com/2013/05/dsc_9787.jpg
1869,http://humitos.files.wordpress.com/2013/05/dsc_9816.jpg
1870,http://humitos.files.wordpress.com/2013/05/dsc_9880.jpg
1871,http://humitos.files.wordpress.com/2013/05/dsc_9892.jpg
1872,http://humitos.files.wordpress.com/2013/05/dsc_9917.jpg
1873,http://humitos.files.wordpress.com/2013/05/dsc_9929.jpg
1874,http://humitos.files.wordpress.com/2013/05/dsc_9922.jpg
1875,http://humitos.files.wordpress.com/2013/05/dsc_9927.jpg
1881,http://humitos.files.wordpress.com/2013/05/dsc_0050.jpg
1882,http://humitos.files.wordpress.com/2013/05/dsc_0052.jpg
1883,http://humitos.files.wordpress.com/2013/05/dsc_0054.jpg
1884,http://humitos.files.wordpress.com/2013/05/dsc_0058.jpg
1886,http://humitos.files.wordpress.com/2013/05/dsc_0060.jpg
1887,http://humitos.files.wordpress.com/2013/05/dsc_0062.jpg
1888,http://humitos.files.wordpress.com/2013/05/dsc_0063.jpg
1889,http://humitos.files.wordpress.com/2013/05/dsc_0064.jpg
1890,http://humitos.files.wordpress.com/2013/05/dsc_0067.jpg
1891,http://humitos.files.wordpress.com/2013/05/dsc_0069.jpg
1892,http://humitos.files.wordpress.com/2013/05/dsc_0072.jpg
1893,http://humitos.files.wordpress.com/2013/05/dsc_0073.jpg
1894,http://humitos.files.wordpress.com/2013/05/dsc_0075.jpg
1895,http://humitos.files.wordpress.com/2013/05/dsc_0079.jpg
1896,http://humitos.files.wordpress.com/2013/05/dsc_0085.jpg
1897,http://humitos.files.wordpress.com/2013/05/dsc_0100.jpg
1898,http://humitos.files.wordpress.com/2013/05/dsc_0103.jpg
1899,http://humitos.files.wordpress.com/2013/05/dsc_0104.jpg
1900,http://humitos.files.wordpress.com/2013/05/dsc_0106.jpg
1901,http://humitos.files.wordpress.com/2013/05/dsc_0113.jpg
1910,http://humitos.files.wordpress.com/2013/05/dsc_00171.jpg
1911,http://humitos.files.wordpress.com/2013/05/dsc_0018.jpg
1912,http://humitos.files.wordpress.com/2013/05/dsc_0020.jpg
1913,http://humitos.files.wordpress.com/2013/05/dsc_0021.jpg
1914,http://humitos.files.wordpress.com/2013/05/dsc_0023.jpg
1915,http://humitos.files.wordpress.com/2013/05/dsc_0024.jpg
1916,http://humitos.files.wordpress.com/2013/05/dsc_0025.jpg
1917,http://humitos.files.wordpress.com/2013/05/dsc_0028.jpg
1918,http://humitos.files.wordpress.com/2013/05/dsc_0033.jpg
1919,http://humitos.files.wordpress.com/2013/05/dsc_0034.jpg
1920,http://humitos.files.wordpress.com/2013/05/dsc_0036.jpg
1921,http://humitos.files.wordpress.com/2013/05/dsc_0038.jpg
1922,http://humitos.files.wordpress.com/2013/05/dsc_0039.jpg
1923,http://humitos.files.wordpress.com/2013/05/dsc_0041.jpg
1924,http://humitos.files.wordpress.com/2013/05/dsc_0042.jpg
1925,http://humitos.files.wordpress.com/2013/05/dsc_0043.jpg
1926,http://humitos.files.wordpress.com/2013/05/dsc_0044.jpg
1929,http://humitos.files.wordpress.com/2013/05/dsc_0204.jpg
1932,http://humitos.files.wordpress.com/2013/05/dsc_0114.jpg
1933,http://humitos.files.wordpress.com/2013/05/dsc_0119.jpg
1934,http://humitos.files.wordpress.com/2013/05/dsc_0123.jpg
1935,http://humitos.files.wordpress.com/2013/05/dsc_0136.jpg
1936,http://humitos.files.wordpress.com/2013/05/dsc_0139.jpg
1937,http://humitos.files.wordpress.com/2013/05/dsc_0145.jpg
1938,http://humitos.files.wordpress.com/2013/05/dsc_0151.jpg
1939,http://humitos.files.wordpress.com/2013/05/dsc_0177.jpg
1940,http://humitos.files.wordpress.com/2013/05/dsc_0178.jpg
1941,http://humitos.files.wordpress.com/2013/05/dsc_0182.jpg
1942,http://humitos.files.wordpress.com/2013/05/dsc_0183.jpg
1943,http://humitos.files.wordpress.com/2013/05/dsc_0187.jpg
1944,http://humitos.files.wordpress.com/2013/05/dsc_0190.jpg
1945,http://humitos.files.wordpress.com/2013/05/dsc_0194.jpg
1946,http://humitos.files.wordpress.com/2013/05/dsc_0195.jpg
1950,http://humitos.files.wordpress.com/2013/05/dsc_0226.jpg
1951,http://humitos.files.wordpress.com/2013/05/dsc_0223.jpg
1952,http://humitos.files.wordpress.com/2013/05/dsc_0222.jpg
1953,http://humitos.files.wordpress.com/2013/05/dsc_0221.jpg
1955,http://humitos.files.wordpress.com/2013/05/dsc_0243.jpg
1956,http://humitos.files.wordpress.com/2013/05/dsc_0242.jpg
1957,http://humitos.files.wordpress.com/2013/05/dsc_0240.jpg
1958,http://humitos.files.wordpress.com/2013/05/dsc_0234.jpg
1960,http://humitos.files.wordpress.com/2013/05/dsc_0231.jpg
1961,http://humitos.files.wordpress.com/2013/05/dsc_0228.jpg
1962,http://humitos.files.wordpress.com/2013/05/dsc_0287.jpg
1963,http://humitos.files.wordpress.com/2013/05/dsc_0270.jpg
1964,http://humitos.files.wordpress.com/2013/05/dsc_0255.jpg
1965,http://humitos.files.wordpress.com/2013/05/dsc_0252.jpg
1966,http://humitos.files.wordpress.com/2013/05/dsc_0248.jpg
1972,http://humitos.files.wordpress.com/2013/05/dsc_0428.jpg
1973,http://humitos.files.wordpress.com/2013/05/dsc_0462.jpg
1974,http://humitos.files.wordpress.com/2013/05/dsc_0474.jpg
1975,http://humitos.files.wordpress.com/2013/05/dsc_0473.jpg
1976,http://humitos.files.wordpress.com/2013/05/dsc_0472.jpg
1977,http://humitos.files.wordpress.com/2013/05/dsc_0471.jpg
1978,http://humitos.files.wordpress.com/2013/05/dsc_0470.jpg
1981,http://humitos.files.wordpress.com/2013/05/dsc_0574.jpg
1982,http://humitos.files.wordpress.com/2013/05/dsc_0568.jpg
1983,http://humitos.files.wordpress.com/2013/05/dsc_0563.jpg
1984,http://humitos.files.wordpress.com/2013/05/dsc_0560.jpg
1985,http://humitos.files.wordpress.com/2013/05/dsc_0554.jpg
1986,http://humitos.files.wordpress.com/2013/05/dsc_0547.jpg
1987,http://humitos.files.wordpress.com/2013/05/dsc_0543.jpg
1988,http://humitos.files.wordpress.com/2013/05/dsc_0536.jpg
1989,http://humitos.files.wordpress.com/2013/05/dsc_0532.jpg
1990,http://humitos.files.wordpress.com/2013/05/dsc_0522.jpg
1991,http://humitos.files.wordpress.com/2013/05/dsc_0578-e1368311387868.jpg
1992,http://humitos.files.wordpress.com/2013/05/dsc_0577.jpg
1995,http://humitos.files.wordpress.com/2013/05/dsc_0392.jpg
1996,http://humitos.files.wordpress.com/2013/05/dsc_0390.jpg
1997,http://humitos.files.wordpress.com/2013/05/dsc_0386.jpg
1998,http://humitos.files.wordpress.com/2013/05/dsc_0376.jpg
1999,http://humitos.files.wordpress.com/2013/05/dsc_0375.jpg
2000,http://humitos.files.wordpress.com/2013/05/dsc_0374.jpg
2001,http://humitos.files.wordpress.com/2013/05/dsc_0369.jpg
2002,http://humitos.files.wordpress.com/2013/05/dsc_0364.jpg
2003,http://humitos.files.wordpress.com/2013/05/dsc_0349.jpg
2004,http://humitos.files.wordpress.com/2013/05/dsc_0347.jpg
2005,http://humitos.files.wordpress.com/2013/05/dsc_0342.jpg
2006,http://humitos.files.wordpress.com/2013/05/dsc_0337.jpg
2008,http://humitos.files.wordpress.com/2013/05/dsc_0328.jpg
2009,http://humitos.files.wordpress.com/2013/05/dsc_0308.jpg
2010,http://humitos.files.wordpress.com/2013/05/dsc_0305.jpg
2015,http://humitos.files.wordpress.com/2013/05/dsc_0218.jpg
2016,http://humitos.files.wordpress.com/2013/05/img_5500.jpg
2020,http://humitos.files.wordpress.com/2013/05/dsc_0755.jpg
2024,http://humitos.files.wordpress.com/2013/05/screenshot-from-2013-05-13-113141.png
2027,http://humitos.files.wordpress.com/2013/05/dsc_0581.jpg
2028,http://humitos.files.wordpress.com/2013/05/dsc_0587.jpg
2029,http://humitos.files.wordpress.com/2013/05/dsc_0605.jpg
2030,http://humitos.files.wordpress.com/2013/05/dsc_0609.jpg
2031,http://humitos.files.wordpress.com/2013/05/dsc_0621.jpg
2032,http://humitos.files.wordpress.com/2013/05/dsc_0624.jpg
2033,http://humitos.files.wordpress.com/2013/05/dsc_0640.jpg
2034,http://humitos.files.wordpress.com/2013/05/dsc_0646.jpg
2036,http://humitos.files.wordpress.com/2013/05/dsc_0679.jpg
2037,http://humitos.files.wordpress.com/2013/05/dsc_0726.jpg
2038,http://humitos.files.wordpress.com/2013/05/dsc_0745.jpg
2041,http://humitos.files.wordpress.com/2013/05/dsc_1114.jpg
2051,http://humitos.files.wordpress.com/2013/05/dsc_1199.jpg
2052,http://humitos.files.wordpress.com/2013/05/dsc_1184.jpg
2053,http://humitos.files.wordpress.com/2013/05/dsc_1196.jpg
2054,http://humitos.files.wordpress.com/2013/05/dsc_1195.jpg
2055,http://humitos.files.wordpress.com/2013/05/dsc_1194.jpg
2056,http://humitos.files.wordpress.com/2013/05/dsc_1193.jpg
2061,http://humitos.files.wordpress.com/2013/05/dsc_0765.jpg
2062,http://humitos.files.wordpress.com/2013/05/dsc_0767.jpg
2063,http://humitos.files.wordpress.com/2013/05/dsc_0771.jpg
2064,http://humitos.files.wordpress.com/2013/05/dsc_0780.jpg
2065,http://humitos.files.wordpress.com/2013/05/dsc_0790.jpg
2066,http://humitos.files.wordpress.com/2013/05/dsc_0805.jpg
2071,http://humitos.files.wordpress.com/2013/05/dsc_0808.jpg
2072,http://humitos.files.wordpress.com/2013/05/dsc_0809.jpg
2073,http://humitos.files.wordpress.com/2013/05/dsc_0818.jpg
2074,http://humitos.files.wordpress.com/2013/05/dsc_0822.jpg
2075,http://humitos.files.wordpress.com/2013/05/dsc_0855.jpg
2076,http://humitos.files.wordpress.com/2013/05/dsc_0863.jpg
2077,http://humitos.files.wordpress.com/2013/05/dsc_0870.jpg
2078,http://humitos.files.wordpress.com/2013/05/dsc_0895.jpg
2079,http://humitos.files.wordpress.com/2013/05/dsc_0902.jpg
2080,http://humitos.files.wordpress.com/2013/05/dsc_0918.jpg
2081,http://humitos.files.wordpress.com/2013/05/dsc_0972.jpg
2082,http://humitos.files.wordpress.com/2013/05/dsc_0994.jpg
2083,http://humitos.files.wordpress.com/2013/05/dsc_1003.jpg
2084,http://humitos.files.wordpress.com/2013/05/dsc_1024.jpg
2085,http://humitos.files.wordpress.com/2013/05/dsc_1027.jpg
2086,http://humitos.files.wordpress.com/2013/05/dsc_1047.jpg
2087,http://humitos.files.wordpress.com/2013/05/dsc_1062.jpg
2088,http://humitos.files.wordpress.com/2013/05/dsc_1069.jpg
2089,http://humitos.files.wordpress.com/2013/05/dsc_1071.jpg
2090,http://humitos.files.wordpress.com/2013/05/dsc_1078.jpg
2091,http://humitos.files.wordpress.com/2013/05/dsc_1091.jpg
2092,http://humitos.files.wordpress.com/2013/05/dsc_1099.jpg
2093,http://humitos.files.wordpress.com/2013/05/dsc_1103.jpg
2094,http://humitos.files.wordpress.com/2013/05/dsc_1109.jpg
2097,http://humitos.files.wordpress.com/2013/05/dsc_1111.jpg
2101,http://humitos.files.wordpress.com/2013/05/dsc_1125.jpg
2102,http://humitos.files.wordpress.com/2013/05/dsc_1131.jpg
2103,http://humitos.files.wordpress.com/2013/05/dsc_1142.jpg
2104,http://humitos.files.wordpress.com/2013/05/dsc_1149.jpg
2105,http://humitos.files.wordpress.com/2013/05/dsc_1158.jpg
2106,http://humitos.files.wordpress.com/2013/05/dsc_1161.jpg
2107,http://humitos.files.wordpress.com/2013/05/dsc_1163.jpg
2108,http://humitos.files.wordpress.com/2013/05/dsc_1167.jpg
2109,http://humitos.files.wordpress.com/2013/05/dsc_1172.jpg
2110,http://humitos.files.wordpress.com/2013/05/dsc_1174.jpg
2111,http://humitos.files.wordpress.com/2013/05/dsc_1175.jpg
2112,http://humitos.files.wordpress.com/2013/05/dsc_1182.jpg
2114,http://humitos.files.wordpress.com/2013/05/dsc_1203.jpg
2116,http://humitos.files.wordpress.com/2013/05/dsc_1209.jpg
2117,http://humitos.files.wordpress.com/2013/05/dsc_1215.jpg
2118,http://humitos.files.wordpress.com/2013/05/dsc_1218.jpg
2122,http://humitos.files.wordpress.com/2013/05/dsc_1396.jpg
2129,http://humitos.files.wordpress.com/2013/05/dsc_1480.jpg
2132,http://humitos.files.wordpress.com/2013/05/dsc_1483.jpg
2133,http://humitos.files.wordpress.com/2013/05/dsc_1487.jpg
2134,http://humitos.files.wordpress.com/2013/05/dsc_1488.jpg
2135,http://humitos.files.wordpress.com/2013/05/dsc_1494.jpg
2136,http://humitos.files.wordpress.com/2013/05/dsc_1507_cropped.jpg
2141,http://humitos.files.wordpress.com/2013/05/screenshot-05272013-120210-pm.png
2144,http://humitos.files.wordpress.com/2013/05/dsc_1528_edited.jpg
2147,http://humitos.files.wordpress.com/2013/05/dsc_1537.jpg
2148,http://humitos.files.wordpress.com/2013/05/dsc_1542.jpg
2149,http://humitos.files.wordpress.com/2013/05/dsc_1543.jpg
2150,http://humitos.files.wordpress.com/2013/05/dsc_1544.jpg
2151,http://humitos.files.wordpress.com/2013/05/dsc_1548.jpg
2152,http://humitos.files.wordpress.com/2013/05/dsc_1551.jpg
2153,http://humitos.files.wordpress.com/2013/05/dsc_1557.jpg
2154,http://humitos.files.wordpress.com/2013/05/dsc_1558.jpg
2155,http://humitos.files.wordpress.com/2013/05/dsc_1563.jpg
2156,http://humitos.files.wordpress.com/2013/05/dsc_1564.jpg
2157,http://humitos.files.wordpress.com/2013/05/dsc_1566.jpg
2158,http://humitos.files.wordpress.com/2013/05/dsc_1571.jpg
2159,http://humitos.files.wordpress.com/2013/05/dsc_1572.jpg
2160,http://humitos.files.wordpress.com/2013/05/dsc_1576.jpg
2164,http://humitos.files.wordpress.com/2013/05/dsc_1400.jpg
2165,http://humitos.files.wordpress.com/2013/05/dsc_1408.jpg
2166,http://humitos.files.wordpress.com/2013/05/dsc_1414.jpg
2167,http://humitos.files.wordpress.com/2013/05/dsc_1421.jpg
2168,http://humitos.files.wordpress.com/2013/05/dsc_1423.jpg
2169,http://humitos.files.wordpress.com/2013/05/dsc_1428.jpg
2170,http://humitos.files.wordpress.com/2013/05/dsc_1435.jpg
2171,http://humitos.files.wordpress.com/2013/05/dsc_1437.jpg
2172,http://humitos.files.wordpress.com/2013/05/dsc_1438.jpg
2173,http://humitos.files.wordpress.com/2013/05/dsc_1445.jpg
2174,http://humitos.files.wordpress.com/2013/05/dsc_1449.jpg
2175,http://humitos.files.wordpress.com/2013/05/dsc_1450.jpg
2176,http://humitos.files.wordpress.com/2013/05/dsc_1458.jpg
2177,http://humitos.files.wordpress.com/2013/05/dsc_1460.jpg
2180,http://humitos.files.wordpress.com/2013/05/dsc_1337.jpg
2197,http://humitos.files.wordpress.com/2013/05/photo.jpg
2200,http://humitos.files.wordpress.com/2013/06/dsc_2049.jpg
2201,http://humitos.files.wordpress.com/2013/06/dsc_2050.jpg
2202,http://humitos.files.wordpress.com/2013/06/dsc_2072.jpg
2203,http://humitos.files.wordpress.com/2013/06/dsc_2078.jpg
2204,http://humitos.files.wordpress.com/2013/06/dsc_2095.jpg
2205,http://humitos.files.wordpress.com/2013/06/dsc_2130.jpg
2206,http://humitos.files.wordpress.com/2013/06/dsc_2171.jpg
2207,http://humitos.files.wordpress.com/2013/06/dsc_2179.jpg
2208,http://humitos.files.wordpress.com/2013/06/dsc_2183.jpg
2209,http://humitos.files.wordpress.com/2013/06/dsc_2205.jpg
2213,http://humitos.files.wordpress.com/2013/06/dsc_2271.jpg
2214,http://humitos.files.wordpress.com/2013/06/dsc_2279.jpg
2215,http://humitos.files.wordpress.com/2013/06/dsc_2280.jpg
2216,http://humitos.files.wordpress.com/2013/06/dsc_2285.jpg
2217,http://humitos.files.wordpress.com/2013/06/dsc_2315.jpg
2218,http://humitos.files.wordpress.com/2013/06/dsc_2318.jpg
2219,http://humitos.files.wordpress.com/2013/06/dsc_2334.jpg
2220,http://humitos.files.wordpress.com/2013/06/dsc_2402.jpg
2223,http://humitos.files.wordpress.com/2013/06/dsc_1607.jpg
2224,http://humitos.files.wordpress.com/2013/06/dsc_1632.jpg
2225,http://humitos.files.wordpress.com/2013/06/dsc_1671.jpg
2226,http://humitos.files.wordpress.com/2013/06/dsc_1681.jpg
2227,http://humitos.files.wordpress.com/2013/06/dsc_1647.jpg
2228,http://humitos.files.wordpress.com/2013/06/dsc_1673.jpg
2229,http://humitos.files.wordpress.com/2013/06/dsc_1688.jpg
2230,http://humitos.files.wordpress.com/2013/06/dsc_1654.jpg
2234,http://humitos.files.wordpress.com/2013/06/dsc_1715.jpg
2235,http://humitos.files.wordpress.com/2013/06/dsc_1739.jpg
2240,http://humitos.files.wordpress.com/2013/06/dsc_2466.jpg
2243,http://humitos.files.wordpress.com/2013/06/dsc_1810.jpg
2244,http://humitos.files.wordpress.com/2013/06/dsc_1813.jpg
2245,http://humitos.files.wordpress.com/2013/06/dsc_1850.jpg
2246,http://humitos.files.wordpress.com/2013/06/dsc_1851.jpg
2247,http://humitos.files.wordpress.com/2013/06/dsc_1865.jpg
2248,http://humitos.files.wordpress.com/2013/06/dsc_1886.jpg
2250,http://humitos.files.wordpress.com/2013/06/dsc_1925.jpg
2251,http://humitos.files.wordpress.com/2013/06/dsc_1933.jpg
2252,http://humitos.files.wordpress.com/2013/06/dsc_1975.jpg
2253,http://humitos.files.wordpress.com/2013/06/dsc_1983.jpg
2255,http://humitos.files.wordpress.com/2013/06/dsc_2016.jpg
2256,http://humitos.files.wordpress.com/2013/06/dsc_2026.jpg
2257,http://humitos.files.wordpress.com/2013/06/dsc_2029.jpg
2258,http://humitos.files.wordpress.com/2013/06/dsc_2030.jpg
2277,http://humitos.files.wordpress.com/2013/06/dsc_2517.jpg
2278,http://humitos.files.wordpress.com/2013/06/dsc_2519.jpg
2279,http://humitos.files.wordpress.com/2013/06/dsc_2524.jpg
2280,http://humitos.files.wordpress.com/2013/06/dsc_2533.jpg
2281,http://humitos.files.wordpress.com/2013/06/dsc_2534.jpg
2282,http://humitos.files.wordpress.com/2013/06/dsc_2538.jpg
2283,http://humitos.files.wordpress.com/2013/06/dsc_2543.jpg
2284,http://humitos.files.wordpress.com/2013/06/dsc_2554.jpg
2285,http://humitos.files.wordpress.com/2013/06/dsc_2561.jpg
2286,http://humitos.files.wordpress.com/2013/06/dsc_2567.jpg
2287,http://humitos.files.wordpress.com/2013/06/dsc_2575.jpg
2290,http://humitos.files.wordpress.com/2013/06/dsc_2547.jpg
2301,http://humitos.files.wordpress.com/2013/06/132420_162337823890286_1484539277_o.jpg
2313,http://humitos.files.wordpress.com/2013/06/61100-plazaconfederacion.jpg
2317,http://humitos.files.wordpress.com/2013/06/prohibido_parana_hacia_el_mundo1.png
2329,http://humitos.files.wordpress.com/2013/06/dsc_2604_edited.jpg
2334,http://humitos.files.wordpress.com/2013/06/dsc_2646.jpg
2337,http://humitos.files.wordpress.com/2013/06/dsc_26461.jpg
2345,http://humitos.files.wordpress.com/2013/06/dsc_2789.jpg
2346,http://humitos.files.wordpress.com/2013/06/dsc_2780.jpg
2347,http://humitos.files.wordpress.com/2013/06/dsc_2778.jpg
2348,http://humitos.files.wordpress.com/2013/06/dsc_2776.jpg
2349,http://humitos.files.wordpress.com/2013/06/dsc_2763.jpg
2350,http://humitos.files.wordpress.com/2013/06/dsc_2761.jpg
2351,http://humitos.files.wordpress.com/2013/06/dsc_2754.jpg
2352,http://humitos.files.wordpress.com/2013/06/dsc_2753.jpg
2353,http://humitos.files.wordpress.com/2013/06/dsc_2750.jpg
2354,http://humitos.files.wordpress.com/2013/06/dsc_2747.jpg
2355,http://humitos.files.wordpress.com/2013/06/dsc_2698.jpg
2356,http://humitos.files.wordpress.com/2013/06/dsc_2694.jpg
2357,http://humitos.files.wordpress.com/2013/06/dsc_2735.jpg
2358,http://humitos.files.wordpress.com/2013/06/dsc_2733.jpg
2359,http://humitos.files.wordpress.com/2013/06/dsc_2730.jpg
2360,http://humitos.files.wordpress.com/2013/06/dsc_2728.jpg
2361,http://humitos.files.wordpress.com/2013/06/dsc_2716.jpg
2362,http://humitos.files.wordpress.com/2013/06/dsc_2714.jpg
2363,http://humitos.files.wordpress.com/2013/06/dsc_2719.jpg
2364,http://humitos.files.wordpress.com/2013/06/dsc_2711.jpg
2365,http://humitos.files.wordpress.com/2013/06/dsc_2704.jpg
2368,http://humitos.files.wordpress.com/2013/06/dsc_1331_edited.jpg
2372,http://humitos.files.wordpress.com/2013/06/dsc_2912.jpg
2373,http://humitos.files.wordpress.com/2013/06/dsc_2867.jpg
2374,http://humitos.files.wordpress.com/2013/06/dsc_2820.jpg
2375,http://humitos.files.wordpress.com/2013/06/dsc_2997.jpg
2381,http://humitos.files.wordpress.com/2013/07/dsc_3041.jpg
2382,http://humitos.files.wordpress.com/2013/07/dsc_3038.jpg
2390,http://humitos.files.wordpress.com/2013/07/solo.jpg
2419,http://humitos.files.wordpress.com/2013/08/afiche1.jpeg
2422,http://humitos.files.wordpress.com/2013/08/dsc3593.jpg
2437,http://humitos.files.wordpress.com/2013/08/dsc3795-resized.jpg
2438,http://humitos.files.wordpress.com/2013/08/dsc3796-resized.jpg
2439,http://humitos.files.wordpress.com/2013/08/dsc3798-resized.jpg
2440,http://humitos.files.wordpress.com/2013/08/dsc3799-resized.jpg
2441,http://humitos.files.wordpress.com/2013/08/dsc3801-resized.jpg
2442,http://humitos.files.wordpress.com/2013/08/dsc3802-resized.jpg
2443,http://humitos.files.wordpress.com/2013/08/dsc3803-resized.jpg
2444,http://humitos.files.wordpress.com/2013/08/dsc3804-resized.jpg
2445,http://humitos.files.wordpress.com/2013/08/dsc3805-resized.jpg
2446,http://humitos.files.wordpress.com/2013/08/dsc3807-resized.jpg
2447,http://humitos.files.wordpress.com/2013/08/dsc3808-resized.jpg
2448,http://humitos.files.wordpress.com/2013/08/dsc3809-resized.jpg
2449,http://humitos.files.wordpress.com/2013/08/dsc3813-resized.jpg
2450,http://humitos.files.wordpress.com/2013/08/dsc3814-resized.jpg
2451,http://humitos.files.wordpress.com/2013/08/dsc3815-resized.jpg
2452,http://humitos.files.wordpress.com/2013/08/dsc3817-resized.jpg
2453,http://humitos.files.wordpress.com/2013/08/dsc3820-resized.jpg
2454,http://humitos.files.wordpress.com/2013/08/dsc3821-resized.jpg
2455,http://humitos.files.wordpress.com/2013/08/dsc3822-resized.jpg
2456,http://humitos.files.wordpress.com/2013/08/dsc3823-resized.jpg
2457,http://humitos.files.wordpress.com/2013/08/dsc3824-resized.jpg
2458,http://humitos.files.wordpress.com/2013/08/dsc3826-resized.jpg
2459,http://humitos.files.wordpress.com/2013/08/dsc3827-resized.jpg
2460,http://humitos.files.wordpress.com/2013/08/dsc3833-resized.jpg
2461,http://humitos.files.wordpress.com/2013/08/dsc_2267.jpg
2462,http://humitos.files.wordpress.com/2013/08/dsc_2280.jpg
2463,http://humitos.files.wordpress.com/2013/08/dsc_2290.jpg
2464,http://humitos.files.wordpress.com/2013/08/dsc_2318.jpg
2465,http://humitos.files.wordpress.com/2013/08/dsc_2361.jpg
2466,http://humitos.files.wordpress.com/2013/08/dsc_8514.jpg
2467,http://humitos.files.wordpress.com/2013/08/dsc_8595.jpg
2468,http://humitos.files.wordpress.com/2013/08/dsc_8615.jpg
2469,http://humitos.files.wordpress.com/2013/08/dsc_8620.jpg
2470,http://humitos.files.wordpress.com/2013/08/dsc_2747.jpg
2471,http://humitos.files.wordpress.com/2013/08/dsc_2750.jpg
2472,http://humitos.files.wordpress.com/2013/08/dsc_2780.jpg
2473,http://humitos.files.wordpress.com/2013/08/dsc_9407.jpg
2474,http://humitos.files.wordpress.com/2013/08/dsc_9416.jpg
2475,http://humitos.files.wordpress.com/2013/08/dsc_9459.jpg
2476,http://humitos.files.wordpress.com/2013/08/dsc_9492.jpg
2477,http://humitos.files.wordpress.com/2013/08/dsc_8713.jpg
2478,http://humitos.files.wordpress.com/2013/08/dsc_8716.jpg
2479,http://humitos.files.wordpress.com/2013/08/dsc_8791.jpg
2480,http://humitos.files.wordpress.com/2013/08/dsc_9209.jpg
2481,http://humitos.files.wordpress.com/2013/08/dsc_1955.jpg
2482,http://humitos.files.wordpress.com/2013/08/dsc_2205.jpg
2483,http://humitos.files.wordpress.com/2013/08/dsc_9145.jpg
2484,http://humitos.files.wordpress.com/2013/08/dsc_9350.jpg
2485,http://humitos.files.wordpress.com/2013/08/dsc_2730.jpg
2486,http://humitos.files.wordpress.com/2013/08/dsc_2733.jpg
2487,http://humitos.files.wordpress.com/2013/08/dsc_2770.jpg
2488,http://humitos.files.wordpress.com/2013/08/dsc_8877.jpg
2489,http://humitos.files.wordpress.com/2013/08/dsc_1401.jpg
2490,http://humitos.files.wordpress.com/2013/08/dsc_1448.jpg
2491,http://humitos.files.wordpress.com/2013/08/dsc_1460.jpg
2492,http://humitos.files.wordpress.com/2013/08/dsc_1543.jpg
2493,http://humitos.files.wordpress.com/2013/08/dsc_2719.jpg
2494,http://humitos.files.wordpress.com/2013/08/dsc_8572.jpg
2495,http://humitos.files.wordpress.com/2013/08/dsc_8582.jpg
2496,http://humitos.files.wordpress.com/2013/08/dsc_8643.jpg
2497,http://humitos.files.wordpress.com/2013/08/dsc_0168_bw.jpg
2498,http://humitos.files.wordpress.com/2013/08/dsc_0187_bw.jpg
2499,http://humitos.files.wordpress.com/2013/08/dsc_0527.jpg
2500,http://humitos.files.wordpress.com/2013/08/dsc_0554.jpg
2501,http://humitos.files.wordpress.com/2013/08/dsc_2805.jpg
2502,http://humitos.files.wordpress.com/2013/08/dsc_2826.jpg
2503,http://humitos.files.wordpress.com/2013/08/dsc_2912.jpg
2504,http://humitos.files.wordpress.com/2013/08/dsc_2976.jpg
2505,http://humitos.files.wordpress.com/2013/08/dsc_8747.jpg
2506,http://humitos.files.wordpress.com/2013/08/dsc_8750.jpg
2507,http://humitos.files.wordpress.com/2013/08/dsc_8758.jpg
2508,http://humitos.files.wordpress.com/2013/08/dsc_8765.jpg
2509,http://humitos.files.wordpress.com/2013/08/dsc_9703.jpg
2510,http://humitos.files.wordpress.com/2013/08/dsc_9743.jpg
2511,http://humitos.files.wordpress.com/2013/08/dsc_9880.jpg
2512,http://humitos.files.wordpress.com/2013/08/dsc_9929.jpg
2513,http://humitos.files.wordpress.com/2013/08/dsc_1864.jpg
2514,http://humitos.files.wordpress.com/2013/08/dsc_1865.jpg
2515,http://humitos.files.wordpress.com/2013/08/dsc_1866.jpg
2516,http://humitos.files.wordpress.com/2013/08/dsc_1867.jpg
2517,http://humitos.files.wordpress.com/2013/08/dsc_8569.jpg
2518,http://humitos.files.wordpress.com/2013/08/dsc_8598.jpg
2546,http://humitos.files.wordpress.com/2013/09/dsc3836_cropped.jpg
2547,http://humitos.files.wordpress.com/2013/09/dsc3837_cropped.jpg
2548,http://humitos.files.wordpress.com/2013/09/dsc3840_cropped.jpg
